"AT000B053517","CECE BONUS III    ","        ","2010/09/24",1962.00        ,1.87     ,1926.00        ,1539.00        ,2059.00        ,0            ,.00                ,"1900/01/01","8","2","C"
"AT000B054085","CSS INDEX CERT    ","        ","2010/09/24",979.30         ,.61      ,973.40         ,945.40         ,1280.00        ,0            ,.00                ,"2008/05/05","8","2","C"
"AT000B054275","CHINA BONUS III   ","        ","2010/09/24",2166.00        ,.42      ,2157.00        ,1908.00        ,2404.00        ,0            ,.00                ,"1900/01/01","8","2","C"
"AT000B054358","CROX INDEX CERT   ","        ","2010/09/24",292.10         ,.41      ,290.90         ,287.90         ,361.50         ,0            ,.00                ,"1900/01/01","8","2","C"
"AT000B054515","SRX INDEX CERT    ","        ","2010/09/24",62.24          ,.16      ,62.14          ,60.84          ,98.34          ,0            ,.00                ,"2009/06/05","8","2","C"
"AT000B054564","ALT ENERG GAR II  ","        ","2010/09/24",99.70          ,.01      ,99.69          ,96.93          ,99.73          ,0            ,.00                ,"2010/03/17","8","2","C"
"AT000B054705","CECE VB-AFT       ","        ","2010/09/24",500.70         ,.28      ,499.30         ,433.10         ,547.80         ,0            ,.00                ,"2010/03/24","8","2","C"
"AT000B054721","PX INDEX CERT.    ","        ","2010/09/24",113.52         ,.29      ,113.19         ,109.11         ,131.61         ,0            ,.00                ,"2010/08/26","8","2","C"
"AT000B054739","BUX VB-AFT        ","        ","2010/09/24",201.50         ,.40      ,200.70         ,183.01         ,241.60         ,0            ,.00                ,"1900/01/01","8","2","C"
"AT000B054861","EUROPA BONUS CZK  ","        ","2010/09/24",6291.00        ,2.23     ,6154.00        ,5343.00        ,6539.00        ,0            ,.00                ,"1900/01/01","8","2","C"
"AT000B055488","ELEKTRINAGARVB-AFT","        ","2010/09/24",97.53          ,.00      ,97.53          ,95.09          ,103.47         ,0            ,.00                ,"2010/04/28","8","2","C"
"AT000B055918","ELEKTGAR2VB-AFT   ","        ","2010/09/24",97.14          ,-.13     ,97.27          ,95.11          ,104.66         ,0            ,.00                ,"2010/09/03","8","2","C"
"AT000B056551","TOP5 ENERGY GARANT","        ","2010/09/24",98.04          ,.07      ,97.97          ,94.87          ,98.05          ,0            ,.00                ,"2010/09/20","8","2","C"
"AT000B057427","BONUS GARANT CZK  ","        ","2010/09/24",103.80         ,.52      ,103.26         ,97.01          ,108.02         ,0            ,.00                ,"2010/04/15","8","2","C"
"AT000B057484","GOLD SHARK GAR CZK","        ","2010/09/24",101.67         ,-.66     ,102.35         ,98.73          ,111.02         ,0            ,.00                ,"2010/04/15","8","2","C"
"AT000B059225","TOP ČESKÝ BON CZ  ","        ","2010/09/24",1197.00        ,.34      ,1193.00        ,1001.00        ,1208.00        ,0            ,.00                ,"2010/09/03","8","2","C"
"AT000B059407","TOP ČESKÝ BON CZII","        ","2010/09/24",1141.00        ,.88      ,1131.00        ,962.10         ,1149.00        ,0            ,.00                ,"2010/07/28","8","2","C"
"AT0000A0AN24","GOLD INDEX SHORT  ","        ","2010/09/24",756.00         ,-1.63    ,768.50         ,756.00         ,992.20         ,0            ,.00                ,"1900/01/01","8","2","C"
"AT0000A0AN81","PX BONUS 114+     ","        ","2010/09/24",73.80          ,.82      ,73.20          ,69.75          ,85.90          ,0            ,.00                ,"2010/09/06","8","2","C"
"AT0000A0BNV7","BRENT TL+         ","        ","2010/09/24",60.70          ,3.76     ,58.50          ,47.09          ,88.79          ,0            ,.00                ,"2010/09/23","8","2","C"
"AT0000A0BUV2","PX BONUS 127 CAP  ","        ","2010/09/24",123.20         ,.08      ,123.10         ,115.95         ,123.20         ,0            ,.00                ,"2008/12/22","8","2","C"
"AT0000A0CU64","BRENT TL          ","        ","2010/09/24",75.30          ,2.73     ,73.30          ,60.45          ,104.00         ,0            ,.00                ,"2010/09/13","8","2","C"
"AT0000A0FJL7","ERSTE TL 20,2     ","        ","2010/09/24",23.40          ,6.85     ,21.90          ,13.35          ,37.04          ,0            ,.00                ,"2010/09/21","8","2","C"
"AT0000A0FPR1","BRENT TS 91,96    ","        ","2010/09/24",30.40          ,-8.95    ,33.39          ,8.59           ,53.70          ,0            ,.00                ,"2010/09/22","8","2","C"
"AT0000A0FZ74","CEZ BONUS 116 CAP ","        ","2010/09/24",997.80         ,.02      ,997.60         ,887.00         ,998.80         ,0            ,.00                ,"1900/01/01","8","2","C"
"AT0000A0F7K3","CEETX TL 800      ","        ","2010/09/24",160.11         ,2.04     ,156.91         ,130.51         ,201.10         ,0            ,.00                ,"1900/01/01","8","2","C"
"AT0000A0F7L1","CEETX TL 1200     ","        ","2010/09/24",59.45          ,5.69     ,56.25          ,24.85          ,98.55          ,0            ,.00                ,"2010/09/22","8","2","C"
"AT0000A0F7M9","CEETX INDEX LONG  ","        ","2010/09/24",348.90         ,.93      ,345.70         ,333.60         ,403.80         ,0            ,.00                ,"1900/01/01","8","2","C"
"AT0000A0F8R6","CEETX BON 1950 CAP","        ","2010/09/24",418.00         ,1.14     ,413.30         ,355.10         ,423.70         ,0            ,.00                ,"2010/01/20","8","2","C"
"AT0000A0G2U2","O2 BONUS 116 CAP  ","        ","2010/09/24",487.70         ,.06      ,487.40         ,426.00         ,487.70         ,0            ,.00                ,"1900/01/01","8","2","C"
"AT0000A00BF2","SETX INDEX LONG   ","        ","2010/09/24",262.30         ,.23      ,261.70         ,256.50         ,329.40         ,0            ,.00                ,"1900/01/01","8","2","C"
"AT0000A00BQ9","GOLD TURBO LONG   ","        ","2010/09/24",1274.00        ,-.31     ,1278.00        ,685.60         ,1408.00        ,0            ,.00                ,"2010/08/26","8","2","C"
"AT0000A00M07","CECEXT            ","        ","2010/09/24",310.80         ,1.30     ,306.80         ,277.10         ,344.40         ,0            ,.00                ,"2010/09/01","8","2","C"
"AT0000A04KP4","S-BOX DIMAX       ","        ","2010/09/24",679.00         ,1.25     ,670.60         ,623.20         ,761.50         ,0            ,.00                ,"2010/06/07","8","2","C"
"AT0000A04QY3","DAX INDEX LONG    ","        ","2010/09/24",1545.00        ,2.39     ,1509.00        ,1391.00        ,1620.00        ,0            ,.00                ,"2010/01/08","8","2","C"
"AT0000A056Y4","DAX INDEX SHORT   ","        ","2010/09/24",1540.00        ,-2.35    ,1577.00        ,1534.00        ,1975.00        ,0            ,.00                ,"2010/07/16","8","2","C"
"AT0000A07N66","INDUSTRY BASKET   ","        ","2010/09/24",178.03         ,1.43     ,175.52         ,163.72         ,198.02         ,0            ,.00                ,"1900/01/01","8","2","C"
"AT0000A07SD6","BRENT INDEX SHORT ","        ","2010/09/24",1752.00        ,-2.99    ,1806.00        ,1608.00        ,2323.00        ,0            ,.00                ,"1900/01/01","8","2","C"
"AT0000A09JM2","BRENT TS 151,07   ","        ","2010/09/24",171.20         ,-2.51    ,175.60         ,152.06         ,216.70         ,0            ,.00                ,"2010/01/21","8","2","C"
"AT0000340146","DJ EURO STOXX 50  ","        ","2010/09/24",680.80         ,2.61     ,663.50         ,627.10         ,790.30         ,0            ,.00                ,"2010/05/04","8","2","C"
"AT0000454186","CTX               ","        ","2010/09/24",453.60         ,.82      ,449.90         ,442.80         ,533.90         ,0            ,.00                ,"2010/05/18","8","2","C"
"AT0000481221","RDX               ","        ","2010/09/24",334.40         ,.09      ,334.10         ,280.70         ,393.00         ,0            ,.00                ,"2010/05/19","8","2","C"
"AT0000481403","ROTX INDEX LONG   ","        ","2010/09/24",1717.00        ,.76      ,1704.00        ,1482.00        ,2156.00        ,0            ,.00                ,"1900/01/01","8","2","C"
"AT0000489398","GOLD              ","        ","2010/09/24",2373.00        ,-.67     ,2389.00        ,1699.00        ,2713.00        ,0            ,.00                ,"2010/06/16","8","2","C"
"AT0000489778","BRENT CRUDE OIL   ","        ","2010/09/24",69.40          ,.73      ,68.90          ,58.90          ,84.80          ,0            ,.00                ,"2010/09/23","8","2","C"
"AT0000652011","ERSTE GROUP BANK  ","BAAERBAG","2010/09/24",723.90         ,1.81     ,711.00         ,652.00         ,879.90         ,249951       ,179650246.40       ,"2010/09/24","3","2","A"
"AT0000908504","VIG               ","BAAVIG  ","2010/09/24",926.00         ,-.65     ,932.10         ,797.00         ,1110.00        ,3234         ,2972684.60         ,"2010/09/24","3","2","A"
"BE0003878957","VGP               ","BAAVGP  ","2010/09/24",364.00         ,.00      ,364.00         ,364.00         ,364.00         ,0            ,.00                ,"2009/08/20","1","2","A"
"BMG200452024","CETV              ","BAACETV ","2010/09/24",444.10         ,1.39     ,438.00         ,402.40         ,727.00         ,65687        ,28885701.25        ,"2010/09/24","3","2","A"
"CS0008416251","RM-S HOLDING      ","BAAPVT  ","2010/09/24",1199.00        ,.00      ,1199.00        ,900.00         ,1223.00        ,0            ,.00                ,"2010/09/22","1","2","C"
"CS0008418869","PHILIP MORRIS ČR  ","BAATABAK","2010/09/24",9300.00        ,1.09     ,9200.00        ,7900.00        ,10300.00       ,439          ,4063393.00         ,"2010/09/24","3","2","C"
"CS0008419750","ENERGOAQUA        ","BAAENRGA","2010/09/24",1290.00        ,.00      ,1290.00        ,1290.00        ,1504.00        ,0            ,.00                ,"2010/04/09","1","2","C"
"CS0008446753","LÉČ.LÁZNĚ JÁCHYMOV","BAALAZJA","2010/09/24",1130.00        ,.00      ,1130.00        ,1130.00        ,1130.00        ,0            ,.00                ,"2009/05/15","1","2","C"
"CZ0000000039","ING BANK 4,50/19  ","BDAINGB ","2010/09/24",70.00          ,.00      ,70.00          ,70.00          ,70.00          ,0            ,.00                ,"2009/01/08","1","2","C"
"CZ0000000054","EIB 6,50/15       ","BDBEIB  ","2010/09/24",100.00         ,.00      ,100.00         ,100.00         ,100.00         ,0            ,.00                ,"2010/02/19","1","2","A"
"CZ0000000104","EIB 0,00/23       ","BDDEIB  ","2010/09/24",40.98          ,.00      ,40.98          ,40.98          ,40.98          ,0            ,.00                ,"2003/12/16","1","2","A"
"CZ0000000120","EIB 4,15/18       ","BDFEIB  ","2010/09/24",100.00         ,.00      ,100.00         ,100.00         ,100.00         ,0            ,.00                ,"2007/03/22","1","2","A"
"CZ0000000153","EIB VAR/13        ","BDIEIB  ","2010/09/24",100.00         ,.00      ,100.00         ,100.00         ,100.00         ,0            ,.00                ,"2006/03/15","1","2","A"
"CZ0000000179","EIB VAR/18        ","BDKEIB  ","2010/09/24",100.00         ,.00      ,100.00         ,100.00         ,100.00         ,0            ,.00                ,"2008/05/20","1","2","A"
"CZ0000000187","EIB VAR/18        ","BDLEIB  ","2010/09/24",100.00         ,.00      ,100.00         ,100.00         ,100.00         ,0            ,.00                ,"1900/01/01","1","2","A"
"CZ0000000195","ORCO VAR/11       ","BDBORCO ","2010/09/24",100.00         ,.00      ,100.00         ,100.00         ,100.00         ,0            ,.00                ,"2008/05/06","1","2","A"
"CZ0000000211","ECM VAR/12        ","BDAECM  ","2010/09/24",100.00         ,.00      ,100.00         ,100.00         ,100.00         ,0            ,.00                ,"2010/07/23","1","2","A"
"CZ0000000237","HOME CR. BV VAR/12","BDBHOCBV","2010/09/24",100.00         ,.00      ,100.00         ,100.00         ,100.00         ,0            ,.00                ,"2010/09/20","1","2","C"
"CZ0000000245","HOME CR. BV0,00/15","BDCHOCBV","2010/09/24",70.37          ,.00      ,70.37          ,70.37          ,70.37          ,0            ,.00                ,"1900/01/01","1","2","C"
"CZ0000300041","EUR/CZK TL 23,000 ","        ","2010/09/24",62.50          ,.00      ,62.50          ,60.80          ,114.85         ,0            ,.00                ,"1900/01/01","8","2","C"
"CZ0000300058","EUR/CZK TS 28,000 ","        ","2010/09/24",137.30         ,.00      ,137.30         ,78.72          ,139.20         ,0            ,.00                ,"1900/01/01","8","2","C"
"CZ0000700133","SD34 KUP13 6,95/14","OLMSTDL ","2010/09/24",100.00         ,.00      ,100.00         ,100.00         ,100.00         ,0            ,.00                ,"2010/08/26","1","2","C"
"CZ0000700141","SD34 KUP14 6,95/15","OLNSTDL ","2010/09/24",100.00         ,.00      ,100.00         ,100.00         ,100.00         ,0            ,.00                ,"2010/08/26","1","2","C"
"CZ0000700489","SD K11 4,60/14    ","OSKSTDL ","2010/09/24",100.00         ,.00      ,100.00         ,100.00         ,100.00         ,0            ,.00                ,"2010/08/26","1","2","C"
"CZ0000700752","SD K9 3,75/14     ","OXISTDL ","2010/09/24",100.00         ,.00      ,100.00         ,100.00         ,100.00         ,0            ,.00                ,"2010/07/27","1","1","C"
"CZ0000700794","SD K13 3,75/18    ","OXMSTDL ","2010/09/24",100.00         ,.00      ,100.00         ,100.00         ,100.00         ,0            ,.00                ,"2010/07/27","1","2","C"
"CZ0000700802","SD K14 3,75/19    ","OXNSTDL ","2010/09/24",100.00         ,.00      ,100.00         ,100.00         ,100.00         ,0            ,.00                ,"2010/07/27","1","2","C"
"CZ0000700901","SD K8 4,20/14     ","CAHSTDL ","2010/09/24",100.00         ,.00      ,100.00         ,100.00         ,100.00         ,0            ,.00                ,"1900/01/01","1","2","C"
"CZ0000700943","SD K12 4,20/18    ","CALSTDL ","2010/09/24",100.00         ,.00      ,100.00         ,100.00         ,100.00         ,0            ,.00                ,"1900/01/01","1","2","C"
"CZ0000700950","SD K13 4,20/19    ","CAMSTDL ","2010/09/24",100.00         ,.00      ,100.00         ,100.00         ,100.00         ,0            ,.00                ,"1900/01/01","1","2","C"
"CZ0000700976","SD K15 4,20/21    ","CAOSTDL ","2010/09/24",100.00         ,.00      ,100.00         ,100.00         ,100.00         ,0            ,.00                ,"2010/03/02","1","2","C"
"CZ0000700984","SD K16 4,20/22    ","CAPSTDL ","2010/09/24",100.00         ,.00      ,100.00         ,100.00         ,100.00         ,0            ,.00                ,"2010/03/02","1","2","C"
"CZ0000700992","SD K17 4,20/23    ","CAQSTDL ","2010/09/24",100.00         ,.00      ,100.00         ,100.00         ,100.00         ,0            ,.00                ,"1900/01/01","1","2","C"
"CZ0000701008","SD K18 4,20/24    ","CARSTDL ","2010/09/24",100.00         ,.00      ,100.00         ,100.00         ,100.00         ,0            ,.00                ,"1900/01/01","1","2","C"
"CZ0000701255","SD K7 4,00/14     ","CCGSTDL ","2010/09/24",100.00         ,.00      ,100.00         ,100.00         ,100.00         ,0            ,.00                ,"1900/01/01","1","2","C"
"CZ0000701370","SD K7 4,70/14     ","CDGSTDL ","2010/09/24",100.00         ,.00      ,100.00         ,100.00         ,100.00         ,0            ,.00                ,"1900/01/01","1","2","C"
"CZ0000701412","SD K11 4,70/18    ","CDKSTDL ","2010/09/24",100.00         ,.00      ,100.00         ,100.00         ,100.00         ,0            ,.00                ,"1900/01/01","1","2","C"
"CZ0000701420","SD K12 4,70/19    ","CDLSTDL ","2010/09/24",100.00         ,.00      ,100.00         ,100.00         ,100.00         ,0            ,.00                ,"1900/01/01","1","2","C"
"CZ0000701453","SD K15 4,70/22    ","CDOSTDL ","2010/09/24",100.00         ,.00      ,100.00         ,100.00         ,100.00         ,0            ,.00                ,"1900/01/01","1","2","C"
"CZ0000701537","SD K7 4,85/14     ","CEGSTDL ","2010/09/24",100.00         ,.00      ,100.00         ,100.00         ,100.00         ,0            ,.00                ,"1900/01/01","1","2","C"
"CZ0000701578","SD K11 4,85/18    ","CEKSTDL ","2010/09/24",100.00         ,.00      ,100.00         ,100.00         ,100.00         ,0            ,.00                ,"1900/01/01","1","2","C"
"CZ0000701586","SD K12 4,85/19    ","CELSTDL ","2010/09/24",100.00         ,.00      ,100.00         ,100.00         ,100.00         ,0            ,.00                ,"1900/01/01","1","2","C"
"CZ0000701610","SD K15 4,85/22    ","CEOSTDL ","2010/09/24",100.00         ,.00      ,100.00         ,100.00         ,100.00         ,0            ,.00                ,"1900/01/01","1","2","C"
"CZ0000701628","SD K16 4,85/23    ","CEPSTDL ","2010/09/24",100.00         ,.00      ,100.00         ,100.00         ,100.00         ,0            ,.00                ,"1900/01/01","1","2","C"
"CZ0000701636","SD K17 4,85/24    ","CEQSTDL ","2010/09/24",100.00         ,.00      ,100.00         ,100.00         ,100.00         ,0            ,.00                ,"1900/01/01","1","2","C"
"CZ0001000749","ST.DLUHOP. 6,95/16","BOLSTDL ","2010/09/24",100.00         ,.00      ,100.00         ,100.00         ,100.00         ,0            ,.00                ,"2010/09/23","1","2","A"
"CZ0001000764","ST.DLUHOP. 6,55/11","BONSTDL ","2010/09/24",106.00         ,.00      ,106.00         ,106.00         ,106.00         ,1100         ,11570991.67        ,"2010/09/24","1","2","A"
"CZ0001000814","ST.DLUHOP. 3,70/13","BORSTDL ","2010/09/24",101.00         ,.00      ,101.00         ,101.00         ,101.00         ,0            ,.00                ,"2010/09/22","1","2","A"
"CZ0001000822","ST.DLUHOP. 4,60/18","BOSSTDL ","2010/09/24",99.60          ,.00      ,99.60          ,99.60          ,99.60          ,0            ,.00                ,"2010/09/22","1","2","A"
"CZ0001001143","ST.DLUHOP. 3,80/15","BOVSTDL ","2010/09/24",99.20          ,.00      ,99.20          ,99.20          ,99.20          ,0            ,.00                ,"2010/09/22","1","2","A"
"CZ0001001317","ST.DLUHOP. 3,75/20","BOXSTDL ","2010/09/24",93.00          ,.00      ,93.00          ,93.00          ,93.00          ,0            ,.00                ,"2010/09/21","1","2","A"
"CZ0001001796","ST.DLUHOP. 4,20/36","BCASTDL ","2010/09/24",99.61          ,.00      ,99.61          ,99.61          ,99.61          ,0            ,.00                ,"2010/09/23","1","2","A"
"CZ0001001887","ST.DLUHOP. 3,55/12","BCBSTDL ","2010/09/24",100.00         ,.00      ,100.00         ,100.00         ,100.00         ,60000        ,622315416.67       ,"2010/09/24","1","2","A"
"CZ0001001903","ST.DLUHOP. 4,00/17","BCCSTDL ","2010/09/24",99.00          ,.00      ,99.00          ,99.00          ,99.25          ,30000        ,326075000.00       ,"2010/09/24","1","2","A"
"CZ0001001945","ST.DLUHOP. 4,70/22","BCDSTDL ","2010/09/24",95.00          ,.00      ,95.00          ,95.00          ,95.00          ,0            ,.00                ,"2010/09/23","1","2","A"
"CZ0001002059","ST.DLUHOP. 4,85/57","BCESTDL ","2010/09/24",100.00         ,.00      ,100.00         ,100.00         ,100.00         ,0            ,.00                ,"2010/08/19","1","2","A"
"CZ0001002158","ST.DLUHOP. 4,10/11","BCFSTDL ","2010/09/24",101.80         ,.00      ,101.80         ,101.80         ,101.80         ,0            ,.00                ,"2010/09/22","1","2","A"
"CZ0001002331","ST.DLUHOP. VAR/16 ","BCGSTDL ","2010/09/24",94.22          ,.00      ,94.22          ,94.22          ,94.22          ,0            ,.00                ,"2010/09/23","1","2","A"
"CZ0001002471","ST.DLUHOP. 5,00/19","BCHSTDL ","2010/09/24",99.70          ,.00      ,99.70          ,99.70          ,99.70          ,85000        ,978587500.01       ,"2010/09/24","1","2","A"
"CZ0001002505","ST.DLUHOP. VAR/12 ","BCISTDL ","2010/09/24",100.24         ,.00      ,100.24         ,100.24         ,100.24         ,0            ,.00                ,"2010/09/21","1","2","A"
"CZ0001002547","ST.DLUHOP. 5,70/24","BCJSTDL ","2010/09/24",103.99         ,.00      ,103.99         ,99.04          ,103.99         ,74400        ,920157483.32       ,"2010/09/24","1","2","A"
"CZ0001002729","ST.DLUHOP. 2,80/13","BCKSTDL ","2010/09/24",99.59          ,.00      ,99.59          ,99.59          ,99.59          ,80070        ,830915901.10       ,"2010/09/24","1","2","A"
"CZ0001002737","ST.DLUHOP. 3,40/15","BCLSTDL ","2010/09/24",100.44         ,.00      ,100.44         ,100.44         ,100.44         ,76400        ,806733355.54       ,"2010/09/24","1","2","A"
"CZ0001500086","HL.M.PRAHA 6,85/11","BDAHLMPH","2010/09/24",99.60          ,.00      ,99.60          ,99.60          ,99.60          ,0            ,.00                ,"2009/11/10","1","2","A"
"CZ0001500094","HL.M.PRAHA VAR/11 ","BDBHLMPH","2010/09/24",100.05         ,.00      ,100.05         ,100.05         ,100.05         ,0            ,.00                ,"2010/09/08","1","2","A"
"CZ0001500102","LIBEREC VAR/25    ","BDAMESLI","2010/09/24",100.00         ,.00      ,100.00         ,100.00         ,100.00         ,0            ,.00                ,"2010/08/25","1","2","C"
"CZ0002000300","HZL ČMHB 4,40/10  ","BDLREGI ","2010/09/24",103.15         ,.00      ,103.15         ,103.15         ,103.15         ,0            ,.00                ,"2010/02/23","1","2","C"
"CZ0002000557","HZL EBANKA 4,50/10","BDAZEBA ","2010/09/24",104.07         ,.00      ,104.07         ,104.07         ,104.07         ,0            ,.00                ,"1900/01/01","1","2","C"
"CZ0002000565","HZL KB VAR/15     ","BDXKOMB ","2010/09/24",100.00         ,.00      ,100.00         ,100.00         ,100.00         ,0            ,.00                ,"2010/08/02","1","2","C"
"CZ0002000623","HZL ČS 4,75/15    ","BDNCSPO ","2010/09/24",113.36         ,.00      ,113.36         ,113.36         ,113.36         ,0            ,.00                ,"2009/11/11","1","2","C"
"CZ0002000649","HZL HVB 4,50/15   ","BDDVERBA","2010/09/24",100.00         ,.00      ,100.00         ,100.00         ,100.00         ,0            ,.00                ,"2010/08/17","1","2","C"
"CZ0002000656","HZL ČMHB VAR/15   ","BDTREGI ","2010/09/24",109.20         ,.00      ,109.20         ,109.20         ,109.20         ,0            ,.00                ,"2007/12/13","1","2","C"
"CZ0002000664","HZL KB 4,40/15    ","BDYKOMB ","2010/09/24",106.00         ,.00      ,106.00         ,106.00         ,106.00         ,0            ,.00                ,"2008/10/09","1","2","C"
"CZ0002000672","HZL HVB 3,50/10   ","BDEVERBA","2010/09/24",101.10         ,.00      ,101.10         ,101.10         ,101.10         ,0            ,.00                ,"2010/08/16","1","2","C"
"CZ0002000680","HZL HVB 5,00/25   ","BDFVERBA","2010/09/24",113.00         ,.00      ,113.00         ,113.00         ,113.00         ,0            ,.00                ,"2008/12/10","1","2","C"
"CZ0002000698","HZL RBCZ 4,50/10  ","BDERZBC ","2010/09/24",105.63         ,.00      ,105.63         ,105.63         ,105.63         ,0            ,.00                ,"2010/08/19","1","2","C"
"CZ0002000755","HZL ČS 4,80/16    ","BDRCSPO ","2010/09/24",111.79         ,.00      ,111.79         ,111.79         ,111.79         ,0            ,.00                ,"2008/12/04","1","2","C"
"CZ0002000797","HZL HB 4,60/11    ","BDVREGI ","2010/09/24",106.30         ,.00      ,106.30         ,106.30         ,106.30         ,0            ,.00                ,"2009/01/30","1","2","C"
"CZ0002000805","HZL RBCZ 4,70/11  ","BDFRZBC ","2010/09/24",105.90         ,.00      ,105.90         ,105.90         ,105.90         ,0            ,.00                ,"2010/07/15","1","2","C"
"CZ0002000862","HZL HB 4,70/11    ","BDYREGI ","2010/09/24",102.40         ,.00      ,102.40         ,102.40         ,105.05         ,0            ,.00                ,"2010/08/24","1","2","C"
"CZ0002000888","HZL RBCZ 4,40/11  ","BDGRZBC ","2010/09/24",101.15         ,.00      ,101.15         ,101.15         ,101.15         ,0            ,.00                ,"2010/08/25","1","2","C"
"CZ0002000896","HZL ČS VAR/11     ","BDTCSPO ","2010/09/24",107.68         ,.00      ,107.68         ,107.68         ,107.68         ,0            ,.00                ,"2007/01/03","1","2","C"
"CZ0002000904","HZL ČS 3,65/14    ","BDUCSPO ","2010/09/24",100.50         ,.00      ,100.50         ,100.50         ,100.50         ,0            ,.00                ,"2008/12/23","1","2","C"
"CZ0002000912","HZL WHB 5,00/11   ","BDCWUHYB","2010/09/24",106.04         ,.00      ,106.04         ,106.04         ,106.04         ,0            ,.00                ,"2010/08/12","1","2","C"
"CZ0002000946","HZL RBCZ 4,80/12  ","BDHRZBC ","2010/09/24",103.00         ,.00      ,103.00         ,103.00         ,103.00         ,0            ,.00                ,"2010/08/11","1","2","C"
"CZ0002000979","HZL HB 4,65/12    ","BOCREGI ","2010/09/24",103.95         ,.00      ,103.95         ,103.95         ,103.95         ,0            ,.00                ,"2008/03/20","1","2","C"
"CZ0002000995","HZL ČS 5,90/12    ","BDXCSPO ","2010/09/24",109.35         ,.00      ,109.35         ,109.35         ,109.35         ,0            ,.00                ,"1900/01/01","1","2","C"
"CZ0002001019","HZL HB 4,90/12    ","BODREGI ","2010/09/24",104.65         ,.00      ,104.65         ,104.65         ,104.65         ,0            ,.00                ,"1900/01/01","1","2","C"
"CZ0002001068","HZL ČS 4,50/15    ","BDYCSPO ","2010/09/24",101.76         ,.00      ,101.76         ,101.76         ,101.76         ,0            ,.00                ,"1900/01/01","1","2","C"
"CZ0002001084","HZL ČS VAR/14     ","BDZCSPO ","2010/09/24",110.08         ,.00      ,110.08         ,110.08         ,110.08         ,0            ,.00                ,"2010/08/03","1","2","C"
"CZ0002001134","HZL ČS VAR/17     ","BOACSPO ","2010/09/24",100.00         ,.00      ,100.00         ,100.00         ,100.00         ,0            ,.00                ,"1900/01/01","1","2","C"
"CZ0002001159","HZL VB CZ 5,40/12 ","BDCVOLKB","2010/09/24",105.51         ,.00      ,105.51         ,105.51         ,105.51         ,0            ,.00                ,"1900/01/01","1","2","C"
"CZ0002001175","HZL RBCZ 5,00/12  ","BDIRZBC ","2010/09/24",103.96         ,.00      ,103.96         ,103.96         ,103.96         ,0            ,.00                ,"2010/02/26","1","2","C"
"CZ0002001183","HZL HB VAR/37     ","BOEREGI ","2010/09/24",116.79         ,.00      ,116.79         ,116.79         ,116.79         ,0            ,.00                ,"2008/05/22","1","2","C"
"CZ0002001191","HZL ČS VAR/22     ","BOBCSPO ","2010/09/24",100.00         ,.00      ,100.00         ,100.00         ,100.00         ,0            ,.00                ,"1900/01/01","1","2","C"
"CZ0002001209","HZL WHB 5,60/12   ","BDDWUHYB","2010/09/24",108.10         ,.00      ,108.10         ,107.00         ,108.10         ,0            ,.00                ,"2010/09/16","1","2","C"
"CZ0002001266","HZL HB VAR/37     ","BOFREGI ","2010/09/24",115.33         ,.00      ,115.33         ,115.33         ,115.33         ,0            ,.00                ,"2009/03/16","1","2","C"
"CZ0002001274","HZL ČS VAR/14     ","BODCSPO ","2010/09/24",100.00         ,.00      ,100.00         ,100.00         ,100.00         ,0            ,.00                ,"2010/01/04","1","2","C"
"CZ0002001282","HZL ČS 5,90/17    ","BOECSPO ","2010/09/24",112.37         ,.00      ,112.37         ,112.37         ,112.37         ,0            ,.00                ,"2008/12/16","1","2","C"
"CZ0002001290","HZL ČS 4,00/10    ","BOFCSPO ","2010/09/24",99.89          ,.00      ,99.89          ,99.89          ,99.89          ,0            ,.00                ,"1900/01/01","1","2","C"
"CZ0002001308","HZL HB VAR/37     ","BOGREGI ","2010/09/24",116.71         ,.00      ,116.71         ,116.71         ,116.71         ,0            ,.00                ,"2009/04/29","1","2","C"
"CZ0002001316","HZL EBANKA 5,30/14","BDBZEBA ","2010/09/24",105.12         ,.00      ,105.12         ,105.12         ,105.12         ,0            ,.00                ,"1900/01/01","1","2","C"
"CZ0002001407","HZL ČS VAR/22     ","BOHCSPO ","2010/09/24",100.00         ,.00      ,100.00         ,100.00         ,100.00         ,0            ,.00                ,"1900/01/01","1","2","C"
"CZ0002001415","HZL ČS 6,15/23    ","BOGCSPO ","2010/09/24",117.48         ,.00      ,117.48         ,117.48         ,117.48         ,0            ,.00                ,"2008/12/12","1","2","C"
"CZ0002001423","HZL ČS 5,85/17    ","BOICSPO ","2010/09/24",112.27         ,.00      ,112.27         ,112.27         ,112.27         ,0            ,.00                ,"2007/12/19","1","2","C"
"CZ0002001662","HZL RBCZ 4,90/12  ","BDJRZBC ","2010/09/24",103.26         ,.00      ,103.26         ,103.26         ,103.26         ,0            ,.00                ,"2008/06/04","1","2","C"
"CZ0002001670","HZL RBCZ 5,10/17  ","BDKRZBC ","2010/09/24",105.53         ,.00      ,105.53         ,105.53         ,105.53         ,0            ,.00                ,"2007/12/20","1","2","C"
"CZ0002001696","HZL EBANKA 6,00/17","BDCZEBA ","2010/09/24",112.09         ,.00      ,112.09         ,112.09         ,112.09         ,0            ,.00                ,"2007/12/20","1","2","C"
"CZ0002001712","HZL HB VAR/37     ","BOHREGI ","2010/09/24",115.18         ,.00      ,115.18         ,115.18         ,115.18         ,0            ,.00                ,"1900/01/01","1","2","C"
"CZ0002001720","HZL HB VAR/37     ","BOIREGI ","2010/09/24",116.50         ,.00      ,116.50         ,116.50         ,116.50         ,0            ,.00                ,"2007/12/20","1","2","C"
"CZ0002001910","HZL UCB VAR/37    ","BDGVERBA","2010/09/24",117.19         ,.00      ,117.19         ,117.19         ,117.19         ,0            ,.00                ,"1900/01/01","1","2","C"
"CZ0002001928","HZL RBCZ 5,50/17  ","BDLRZBC ","2010/09/24",107.57         ,.00      ,107.57         ,107.57         ,107.57         ,0            ,.00                ,"2008/11/13","1","2","C"
"CZ0002001985","HZL WHB 5,80/12   ","BDEWUHYB","2010/09/24",108.49         ,.00      ,108.49         ,106.04         ,108.49         ,0            ,.00                ,"2010/09/03","1","2","C"
"CZ0002002058","HZL RBCZ 4,30/13  ","BDMRZBC ","2010/09/24",98.60          ,.00      ,98.60          ,98.60          ,98.60          ,0            ,.00                ,"2010/08/16","1","2","C"
"CZ0002002066","HZL RBCZ 4,45/11  ","BDNRZBC ","2010/09/24",99.89          ,.00      ,99.89          ,99.89          ,99.89          ,0            ,.00                ,"2010/02/26","1","2","C"
"CZ0002002082","HZL WHB VAR/12    ","BDFWUHYB","2010/09/24",100.00         ,.00      ,100.00         ,100.00         ,100.00         ,0            ,.00                ,"1900/01/01","1","2","C"
"CZ0002002090","HZL WHB 3,774/14  ","BDGWUHYB","2010/09/24",100.00         ,.00      ,100.00         ,100.00         ,100.00         ,0            ,.00                ,"1900/01/01","1","2","C"
"CZ0002002124","HZL RBCZ 4,10/14  ","BDORZBC ","2010/09/24",100.98         ,.00      ,100.98         ,100.98         ,100.98         ,0            ,.00                ,"1900/01/01","1","2","C"
"CZ0002002223","HZL WHB VAR/15    ","BDHWUHYB","2010/09/24",100.00         ,.00      ,100.00         ,100.00         ,100.00         ,0            ,.00                ,"1900/01/01","1","2","C"
"CZ0002002231","HZL WHB 3,39/14   ","BDIWUHYB","2010/09/24",100.00         ,.00      ,100.00         ,100.00         ,100.00         ,0            ,.00                ,"1900/01/01","1","2","C"
"CZ0003500605","MERO ČR 10,30/11  ","BDAMERO ","2010/09/24",104.76         ,.00      ,104.76         ,104.76         ,104.76         ,0            ,.00                ,"2006/12/21","2","2","C"
"CZ0003501041","UNIPETROL VAR/13  ","BDAUNIPE","2010/09/24",100.00         ,.00      ,100.00         ,100.00         ,100.00         ,0            ,.00                ,"2007/02/28","1","2","C"
"CZ0003501058","ČEZ VAR/14        ","BDGCEZ  ","2010/09/24",105.00         ,.00      ,105.00         ,105.00         ,105.00         ,0            ,.00                ,"2010/07/23","1","2","C"
"CZ0003501397","SDC 4,60/11      ","BDASZDC ","2010/09/24",99.98          ,.00      ,99.98          ,99.98          ,99.98          ,0            ,.00                ,"2010/05/27","1","2","A"
"CZ0003501462","SM VAK OVA 5,00/15","BDAVOKAO","2010/09/24",99.66          ,.00      ,99.66          ,99.66          ,99.66          ,0            ,.00                ,"2010/09/02","1","2","A"
"CZ0003501603","DALKIA ČR 4,24/15 ","BDDMRSTE","2010/09/24",102.05         ,.00      ,102.05         ,102.05         ,102.05         ,0            ,.00                ,"1900/01/01","1","2","C"
"CZ0003501637","GREENVALE VAR/14  ","BDAGVALE","2010/09/24",100.00         ,.00      ,100.00         ,100.00         ,100.00         ,0            ,.00                ,"2009/03/25","1","2","C"
"CZ0003501660","ZONER SOF.10,00/14","BDAZONSO","2010/09/24",100.50         ,.00      ,100.50         ,100.00         ,101.00         ,0            ,.00                ,"2010/06/01","1","2","C"
"CZ0003501678","VIG RE ZAJ.0,00/14","BDAVIGRZ","2010/09/24",83.00          ,.00      ,83.00          ,83.00          ,83.00          ,0            ,.00                ,"1900/01/01","1","2","C"
"CZ0003501694","ISTROKAP.CZ10,0/16","BDAISTRO","2010/09/24",100.00         ,.00      ,100.00         ,100.00         ,100.00         ,0            ,.00                ,"2010/04/14","1","2","A"
"CZ0003700692","ČKA 4,00/10       ","BDCCKA  ","2010/09/24",99.76          ,.00      ,99.76          ,99.76          ,99.76          ,0            ,.00                ,"2009/10/15","1","2","A"
"CZ0003700767","ČS VAR/14         ","BDGCSPO ","2010/09/24",100.00         ,.00      ,100.00         ,100.00         ,100.00         ,0            ,.00                ,"2008/09/09","1","2","C"
"CZ0003701047","ČS VAR/12         ","BDLCSPO ","2010/09/24",100.00         ,.00      ,100.00         ,100.00         ,100.00         ,0            ,.00                ,"2009/05/14","1","2","C"
"CZ0003701054","ČS KOMB/17        ","BDMCSPO ","2010/09/24",90.00          ,.00      ,90.00          ,90.00          ,90.00          ,0            ,.00                ,"1900/01/01","1","2","C"
"CZ0003701062","ČS KOMB/13        ","BDOCSPO ","2010/09/24",100.17         ,.00      ,100.17         ,100.17         ,100.17         ,0            ,.00                ,"1900/01/01","1","2","C"
"CZ0003701187","ČS VAR/16         ","BDSCSPO ","2010/09/24",100.00         ,.00      ,100.00         ,100.00         ,100.00         ,0            ,.00                ,"2010/09/03","1","2","C"
"CZ0003701286","ČS 3,49/12        ","BDWCSPO ","2010/09/24",100.00         ,.00      ,100.00         ,100.00         ,100.00         ,0            ,.00                ,"2010/07/07","1","2","C"
"CZ0003701401","ČP 5,10/12        ","BDBCSPOJ","2010/09/24",100.00         ,.00      ,100.00         ,100.00         ,100.00         ,0            ,.00                ,"1900/01/01","1","2","C"
"CZ0003701799","ČSOB VAR/18       ","BDFCEKO ","2010/09/24",100.00         ,.00      ,100.00         ,100.00         ,100.00         ,0            ,.00                ,"1900/01/01","1","2","C"
"CZ0003702250","ČM ST.SP. 0,00/20 ","BDACMSS ","2010/09/24",64.72          ,.00      ,64.72          ,64.72          ,64.72          ,0            ,.00                ,"2010/01/19","1","2","C"
"CZ0003702268","ČS 3,50/12        ","BOJCSPO ","2010/09/24",100.00         ,.00      ,100.00         ,100.00         ,100.00         ,0            ,.00                ,"2010/09/06","1","2","C"
"CZ0003702276","WÜST.ST.SP.VAR/20 ","BDBSSWT ","2010/09/24",100.00         ,.00      ,100.00         ,100.00         ,100.00         ,0            ,.00                ,"1900/01/01","1","2","C"
"CZ0003702359","ČS 3,00/13        ","BOKCSPO ","2010/09/24",100.00         ,.00      ,100.00         ,100.00         ,100.00         ,0            ,.00                ,"2010/09/06","1","2","C"
"CZ0003702367","ČS VAR/13         ","BOLCSPO ","2010/09/24",100.00         ,.00      ,100.00         ,100.00         ,100.00         ,0            ,.00                ,"2010/05/19","1","2","C"
"CZ0005005850","JČ PAPÍRNY VĚTŘNÍ ","BAAJIP  ","2010/09/24",9.00           ,.00      ,9.00           ,8.00           ,12.60          ,0            ,.00                ,"2010/09/10","1","2","C"
"CZ0005078154","PRASKÁ ENERGETIKA","BAAPRENG","2010/09/24",7041.00        ,.00      ,7041.00        ,6670.00        ,7650.00        ,0            ,.00                ,"2010/09/22","1","2","C"
"CZ0005084459","SM PLYNÁRENSKÁ    ","BAASMPLY","2010/09/24",5716.00        ,.00      ,5716.00        ,5444.00        ,5716.00        ,0            ,.00                ,"2009/03/23","1","2","C"
"CZ0005088559","TOMA              ","BAATOMA ","2010/09/24",580.10         ,.00      ,580.10         ,567.00         ,690.00         ,0            ,.00                ,"2010/09/23","1","2","C"
"CZ0005092551","VČ PLYNÁRENSKÁ    ","BAAVCPLY","2010/09/24",4970.00        ,.00      ,4970.00        ,4970.00        ,5500.00        ,0            ,.00                ,"2010/04/08","1","2","C"
"CZ0005092858","SPOLEK CH.HUT.VÝR.","BAASPOCH","2010/09/24",200.00         ,.00      ,200.00         ,200.00         ,220.00         ,0            ,.00                ,"2009/10/07","2","2","C"
"CZ0005112300","ČEZ               ","BAACEZ  ","2010/09/24",822.90         ,-.25     ,825.00         ,818.00         ,942.00         ,342972       ,281819765.00       ,"2010/09/24","3","2","A"
"CZ0008019106","KOMERČNÍ BANKA    ","BAAKOMB ","2010/09/24",3898.00        ,1.01     ,3859.00        ,3250.00        ,4259.00        ,32125        ,123906987.10       ,"2010/09/24","3","2","A"
"CZ0008413556","ČESKÁ NÁMOŘ.PLAVBA","BAACSNAP","2010/09/24",490.00         ,.00      ,490.00         ,425.00         ,491.90         ,0            ,.00                ,"2010/07/09","1","2","C"
"CZ0009055158","PRASKÉ SLUBY    ","BAAPRSLU","2010/09/24",817.00         ,.00      ,817.00         ,817.00         ,817.00         ,0            ,.00                ,"2007/05/24","1","2","C"
"CZ0009091500","UNIPETROL         ","BAAUNIPE","2010/09/24",212.00         ,-1.07    ,214.30         ,133.20         ,228.40         ,124640       ,26272915.00        ,"2010/09/24","3","2","A"
"CZ0009093209","TELEFÓNICA O2 C.R.","BAATELEC","2010/09/24",390.00         ,.05      ,389.80         ,377.00         ,452.50         ,210165       ,81944920.80        ,"2010/09/24","3","2","A"
"CZ0150000391","PX FUT DEC10      ","        ","2010/09/24",1133.00        ,.62      ,1126.00        ,1102.00        ,1197.00        ,0            ,.00                ,"2010/09/23","9","2","C"
"CZ0150000409","CEZ FUT DEC10     ","        ","2010/09/24",830.10         ,.00      ,830.10         ,821.10         ,905.10         ,0            ,.00                ,"2010/08/24","9","2","C"
"CZ0150000417","ERBA FUT DEC10    ","        ","2010/09/24",722.60         ,1.92     ,709.00         ,668.10         ,805.10         ,0            ,.00                ,"2010/09/08","9","2","C"
"CZ0150000425","PX FUT MAR11      ","        ","2010/09/24",1133.00        ,.18      ,1131.00        ,1131.00        ,1140.00        ,0            ,.00                ,"1900/01/01","9","2","C"
"CZ0150000433","CEZ FUT MAR11     ","        ","2010/09/24",831.10         ,.00      ,831.10         ,831.10         ,835.10         ,0            ,.00                ,"1900/01/01","9","2","C"
"CZ0150000441","ERBA FUT MAR11    ","        ","2010/09/24",718.10         ,.70      ,713.10         ,713.10         ,718.10         ,0            ,.00                ,"1900/01/01","9","2","C"
"LU0122624777","ORCO              ","BAAORCO ","2010/09/24",189.02         ,3.83     ,182.05         ,117.00         ,228.00         ,19100        ,3529357.85         ,"2010/09/24","3","2","A"
"LU0259919230","ECM               ","BAAECM  ","2010/09/24",153.00         ,-.99     ,154.53         ,122.01         ,378.40         ,1773         ,275397.00          ,"2010/09/24","3","2","A"
"LU0275164910","PEGAS NONWOVENS   ","BAAPEGAS","2010/09/24",444.90         ,1.11     ,440.00         ,410.00         ,469.00         ,4442         ,1960327.30         ,"2010/09/24","3","2","A"
"NL0006033375","AAA               ","BAAAAA  ","2010/09/24",17.54          ,.52      ,17.45          ,13.15          ,19.41          ,3283         ,56742.60           ,"2010/09/24","3","2","A"
"NL0006282204","NWR               ","BAANWR  ","2010/09/24",215.00         ,-.09     ,215.20         ,156.90         ,285.50         ,261846       ,56119763.60        ,"2010/09/24","3","2","A"
"US4824702009","KITD              ","BAAKITDG","2010/09/24",206.00         ,.59      ,204.80         ,163.50         ,290.00         ,3753         ,767451.80          ,"2010/09/24","3","2","A"
"XS0258854495","ECM WARRANTS      ","        ","2010/09/24",250.30         ,.00      ,250.30         ,250.30         ,480.30         ,0            ,.00                ,"2008/06/13","0","2","C"
"XS0319645981","ECM 5,00/11       ","BDBECM  ","2010/09/24",92.00          ,.00      ,92.00          ,92.00          ,92.00          ,0            ,.00                ,"1900/01/01","1","2","A"
"XS0319646286","ECM WARRANTS 2007 ","        ","2010/09/24",51.24          ,.00      ,51.24          ,51.24          ,140.25         ,0            ,.00                ,"2008/06/04","0","2","C"
"XS0322226415","KOMODITY PLUS     ","        ","2010/09/24",974.60         ,-.01     ,974.70         ,934.60         ,976.70         ,0            ,.00                ,"2010/09/15","8","2","C"